{"frameRate":24,"isGlobal":0,"name":"Anim_CardSoldier","version":"5.5","armature":[{"skin":[{"name":"","slot":[{"display":[{"path":"士兵/right_hand","type":"image","name":"士兵/right_hand","transform":{"y":36.9472,"x":566.0041,"skX":-141.7738,"skY":-141.7738}}],"name":"right_hand"},{"display":[{"edges":[0,1,1,2,2,3,3,4,4,5,5,6,6,7,7,8,8,9,9,10,10,11,11,12,12,13,13,14,14,15,15,16,16,0],"vertices":[126.7,-391,178.65,-272.95,82.85,-108.9,128.05,-33.7,114.45,67.5,166.35,191.95,50.1,308.2,-135.9,383.5,-179.65,377.95,-299.05,265.8,-299.05,183.75,-217.95,182.4,-137.25,135.9,-198.8,52.45,-140,-48.75,-179.65,-123.95,-53.9,-391,-7.3,-229.25,-20.95,37.45,-3.2,-4.95,39.2,93.5,-27.8,182.4,-120.8,261.7],"bonePose":[1,-0.4236091731814485,0.9058450576100361,-0.9058450576100361,-0.4236091731814485,334.8,323,6,0.31622776601683794,0.9486832980505138,-0.9486832980505138,0.31622776601683794,249.9,504.55000000000007,10,-0.830560355480581,0.5569286272979428,-0.5569286272979428,-0.830560355480581,346.6,787.45],"path":"士兵/right_foot","triangles":[4,20,5,0,17,1,17,2,1,21,6,5,20,21,5,16,17,0,19,4,3,2,19,3,19,20,4,19,18,20,17,19,2,17,14,19,21,22,6,22,7,6,15,14,17,18,21,20,12,21,18,16,15,17,14,18,19,13,12,18,14,13,18,12,22,21,9,8,22,11,9,22,12,11,22,8,7,22,10,9,11],"slotPose":[1.0000000000000002,-1.6653345369377348e-16,1.6653345369377348e-16,1.0000000000000002,307.5,637.5000000000001],"weights":[1,1,1,1,1,1,2,1,0.45532086703575514,6,0.544679132964245,1,6,1,2,6,0.555898435247693,10,0.44410156475230694,2,10,0.508880524631116,6,0.49111947536888395,2,10,0.5719525889487215,6,0.42804741105127864,1,10,1,1,10,1,1,10,1,1,10,1,1,10,1,2,10,0.6810810924042325,6,0.3189189075957674,1,6,1,2,1,0.4400837915833133,6,0.5599162084166868,2,1,0.49915805747171765,6,0.5008419425282823,1,1,1,2,1,0.9980757573948013,6,0.0019242426051988121,3,1,0.01158334957112673,6,0.9666945811450716,10,0.02172206928380168,3,1,0.006309103855841715,6,0.9889384621572314,10,0.004752433986926792,2,6,0.8862600541179426,10,0.1137399458820574,2,10,0.9800457890538974,6,0.019954210946102634,2,10,0.9996208439167099,6,0.00037915608329007944],"userEdges":[],"type":"mesh","transform":{"y":146.3184,"x":-51.0365,"skX":-146.1563,"skY":-146.1563},"width":598,"uvs":[0.71187,0,0.79875,0.15096,0.63855,0.36074,0.71413,0.45691,0.69139,0.58632,0.77818,0.74546,0.58378,0.89412,0.27274,0.99041,0.19958,0.98331,-0.00008,0.8399,-0.00008,0.73497,0.13554,0.73325,0.27048,0.67379,0.16756,0.56707,0.26589,0.43766,0.19958,0.3415,0.40987,0,0.48779,0.20684,0.46497,0.54789,0.49465,0.49367,0.56555,0.61957,0.45351,0.73325,0.29799,0.83465],"height":782,"name":"士兵/right_foot"}],"name":"right_foot"},{"display":[{"edges":[0,1,3,4,4,5,5,6,6,7,7,8,9,10,1,12,10,13,13,0,11,9,12,2,2,3,8,17,17,11],"vertices":[-84.35,-376.7,98.55,-377.95,165.6,-130.66,170.5,104.05,170.5,233.51,73,378,-111.9,378,-170.5,305.75,-170.5,233.46,-49,63.9,-128.9,-50.6,-45.01,145.47,102.26,-183.5,-126.3,-142.44,-9.85,-122.4,83.35,136.8,-28.75,311.55,-101.5,227.58],"bonePose":[5,-0.20811213666842396,0.97810497318606,-0.97810497318606,-0.20811213666842396,730.9,400.8,8,0.34446930669522063,0.9387975802828392,-0.9387975802828392,0.34446930669522063,683.7500000000001,622.3999999999999,11,-0.5522163127401886,0.8337008719820498,-0.8337008719820498,-0.5522163127401886,778.05,879.3999999999999],"path":"士兵/left_foot","triangles":[14,9,15,12,14,2,15,16,4,16,5,4,2,14,3,14,15,3,15,4,3,11,16,15,1,0,12,0,14,12,0,13,14,9,11,15,16,6,5,11,17,16,10,9,14,13,10,14,17,7,16,7,6,16,8,7,17],"slotPose":[1.0000000000000002,0,0,1.0000000000000002,695.0000000000002,743.5],"weights":[1,5,1,1,5,1,2,5,0.4950962224538397,8,0.5049037775461602,2,8,0.49997385660490695,11,0.500026143395093,2,11,0.5191250263137427,8,0.48087497368625737,1,11,1,1,11,1,1,11,1,1,11,1,3,5,0.16015852677876885,8,0.5840577257831338,11,0.2557837474380974,2,5,0.4897030015811019,8,0.5102969984188981,2,11,0.5970252695902741,8,0.40297473040972587,2,5,0.6357859017764884,8,0.3642140982235116,2,5,0.4999314178416021,8,0.5000685821583979,2,5,0.7514363690187852,8,0.2485636309812148,2,11,0.8385932973818853,8,0.16140670261811474,1,11,1,1,11,1],"userEdges":[],"type":"mesh","transform":{"y":129.4963,"x":-29.8741,"skX":-123.5192,"skY":-123.5192},"width":341,"uvs":[0.25264,0.00172,0.789,0.00007,0.98563,0.32684,1,0.63736,1.00015,0.80813,0.71408,1,0.17185,1,0,0.90443,0,0.80879,0.35631,0.58444,0.12199,0.43315,0.36801,0.69221,0.79989,0.25722,0.12963,0.31158,0.47111,0.3381,0.74443,0.68075,0.41568,0.9121,0.20235,0.80096],"height":756,"name":"士兵/left_foot"}],"name":"left_foot"},{"display":[{"userEdges":[],"width":993,"triangles":[4,7,6,0,4,6,0,6,1,7,5,3,5,2,3,6,7,3,8,5,7,4,8,7,8,2,5,4,2,8],"edges":[0,1,3,2,2,4,4,0,1,6,6,3],"type":"mesh","vertices":[-496.5,-721.99,496.5,-721.99,-496.5,988.01,496.5,988.01,-496.5,-227.04,-176.45,318.71,496.5,-304.99,169.65,131.61,-332.4,153.41],"transform":{"y":-485.5083,"x":546.0002},"path":"士兵/body","uvs":[0,0,1,0,0,1,1,1,0,0.28944,0.32231,0.6086,1,0.24386,0.67085,0.49918,0.16526,0.51193],"height":1710,"name":"士兵/body"}],"name":"body"},{"display":[{"edges":[0,1,1,2,2,3,3,4,4,5,5,6,6,7,7,8,8,9,9,10,10,11,11,12,12,13,13,14,14,15,15,16,16,17,17,0],"vertices":[-49.5,-374.4,39.25,-257.95,31,-190.95,95.35,11.85,84.1,139,59.95,198.55,14.9,245.2,2,373.95,-153,374.5,-164.75,321.65,-231,314.6,-231,218.25,-150.65,150.1,-68.35,-30.9,-122.45,-82.6,-231,-110.8,-231,-327,-200,-374.45],"bonePose":[3,0.4683353526261998,0.8835507894176164,-0.8835507894176164,0.4683353526261998,961.75,-345.45,7,-0.3447615201508487,0.938690307941483,-0.938690307941483,-0.3447615201508487,1110.7499999999998,-64.35000000000014],"path":"士兵/left_hand","triangles":[13,4,3,2,13,3,12,5,4,13,12,4,14,13,2,12,6,5,0,2,1,9,7,6,0,16,2,16,14,2,12,9,6,9,8,7,16,15,14,17,16,0,11,9,12,11,10,9],"slotPose":[0.9999999999999999,-5.551115123125783e-17,5.551115123125783e-17,0.9999999999999999,1075.4999999999995,-69.00000000000007],"weights":[2,3,0.9166244136039452,7,0.08337558639605486,2,3,0.8116412243414346,7,0.1883587756585655,2,3,0.8322033778375132,7,0.16779662216248684,2,3,0.49930205423647944,7,0.5006979457635206,2,3,0.29322628687073793,7,0.7067737131292621,2,3,0.1748258282662502,7,0.8251741717337497,2,3,0.06527940239549516,7,0.9347205976045048,2,3,0.06308199524487967,7,0.9369180047551203,2,3,0.03316599033058686,7,0.9668340096694132,2,3,0.04314308131562929,7,0.9568569186843707,2,3,0.11336440551553435,7,0.8866355944844656,2,3,0.21053174069125868,7,0.7894682593087413,2,3,0.21722624445112537,7,0.7827737555488746,2,3,0.6813503813028038,7,0.31864961869719627,2,3,0.7700967898907893,7,0.2299032101092107,2,3,0.7195483528115797,7,0.28045164718842036,2,3,0.9173214158476115,7,0.0826785841523884,2,3,0.9211343338172008,7,0.07886566618279926],"userEdges":[],"type":"mesh","transform":{"y":34.692,"x":7.7879,"skX":-110.1672,"skY":-110.1672},"width":462,"uvs":[0.39286,0.00013,0.58496,0.15688,0.5671,0.24506,0.70639,0.51582,0.68203,0.68558,0.62976,0.76509,0.53225,0.82737,0.50433,0.99927,0.16883,1,0.1434,0.92944,0,0.92003,0,0.79139,0.17392,0.7004,0.35206,0.45874,0.23496,0.38972,0,0.35207,0,0.06342,0.0671,0.00007],"height":749,"name":"士兵/left_hand"}],"name":"left_hand"}]}],"bone":[{"name":"root","transform":{}},{"length":200,"transform":{"y":323,"x":334.8,"skX":115.0627,"skY":115.0627},"parent":"root","name":"right_foot"},{"transform":{"y":621.8517,"x":683.8667},"name":"bone_ikTarget","parent":"root"},{"length":318,"transform":{"y":-345.45,"x":961.75,"skX":62.0737,"skY":62.0737},"parent":"root","name":"left_hand"},{"length":500,"transform":{"y":-76.2,"x":110.5,"skX":141.7738,"skY":141.7738},"parent":"root","name":"right_hand"},{"length":226,"transform":{"y":400.8,"x":730.9,"skX":102.0117,"skY":102.0117},"parent":"root","name":"left_foot"},{"length":298,"transform":{"x":200.4206,"skX":-43.4976,"skY":-43.4976},"parent":"right_foot","name":"right_foot1"},{"length":353,"transform":{"x":318.1481,"skX":48.0935,"skY":48.0935},"parent":"left_hand","name":"left_hand1"},{"length":273,"transform":{"x":226.5605,"skX":-32.1611,"skY":-32.1611},